combo_id,item_id,year,builds,cat_id
10241061,10296,2010,Main Item,8
10241062,10297,2010,Main Item,8
10231031,10357,2010,Main Item,5
10231032,10358,2010,Main Item,5
10231031,10392,2010,Accompanying Item,11
10231032,10392,2010,Accompanying Item,11
10821631,10942,2010,Main Item,8
10821631,11120,2010,Accompanying Item,11
10821631,11121,2010,Accompanying Item,11
10821631,11122,2010,Accompanying Item,11
10821631,11123,2010,Accompanying Item,11
10821631,11124,2010,Accompanying Item,11
10821631,11125,2010,Accompanying Item,11
10821631,11128,2010,Accompanying Item,11
10821631,11129,2010,Accompanying Item,11
10821631,11130,2010,Accompanying Item,11
10821631,11131,2010,Accompanying Item,11
10821631,11132,2010,Accompanying Item,11
10821631,11133,2010,Accompanying Item,11
10821631,11134,2010,Accompanying Item,11
10821631,11135,2010,Accompanying Item,11
112142011,11464,2010,Main Item,3
112142012,11489,2010,Main Item,3
112142013,11506,2010,Main Item,9
112142014,11510,2010,Main Item,9
112142015,11519,2010,Main Item,3
112142016,11520,2010,Main Item,3
112142017,11525,2010,Main Item,3
112142018,11529,2010,Main Item,3
11222001,11631,2010,Accompanying Item,11
11222021,11641,2010,Accompanying Item,11
16947361,1205,2010,Main Item,5
16947362,1206,2010,Main Item,5
16937391,1207,2010,Main Item,5
16947363,1208,2010,Main Item,5
16937392,1209,2010,Main Item,5
11422171,12132,2010,Accompanying Item,8
11422171,12176,2010,Main Item,5
11422171,12209,2010,Accompanying Item,0
11422171,12212,2010,Accompanying Item,0
11422171,12214,2010,Accompanying Item,0
11422171,12219,2010,Accompanying Item,0
11752302,12272,2010,Main Item,8
11752301,12416,2010,Accompanying Item,11
11752302,12416,2010,Accompanying Item,11
11752303,12416,2010,Accompanying Item,11
11752304,12416,2010,Accompanying Item,11
18859931,1252,2010,Main Item,0
18859932,1253,2010,Main Item,0
223211571,1261,2010,Main Item,0
205311171,1268,2010,Main Item,5
205311172,1269,2010,Main Item,5
12322621,12771,2010,Accompanying Item,10
12322621,12772,2010,Accompanying Item,10
12322621,12773,2010,Accompanying Item,10
12322621,12774,2010,Accompanying Item,10
12322621,12783,2010,Accompanying Item,8
12332681,12785,2010,Main Item,8
12322621,12787,2010,Accompanying Item,8
12322621,12789,2010,Accompanying Item,8
123123081,12794,2010,Main Item,9
123123082,12795,2010,Main Item,9
123123083,12796,2010,Main Item,9
123123084,12797,2010,Main Item,3
123123085,12798,2010,Main Item,3
12342541,12821,2010,Main Item,5
12352932,12823,2010,Main Item,5
12343012,12831,2010,Main Item,5
123123086,12836,2010,Main Item,5
123123087,12837,2010,Main Item,5
123123088,12838,2010,Main Item,5
123123089,12839,2010,Main Item,5
123162551,12840,2010,Accompanying Item,11
1231625510,12840,2010,Accompanying Item,11
1231625511,12840,2010,Accompanying Item,11
1231625512,12840,2010,Accompanying Item,11
1231625513,12840,2010,Accompanying Item,11
1231625514,12840,2010,Accompanying Item,11
1231625515,12840,2010,Accompanying Item,11
123162552,12840,2010,Accompanying Item,11
123162553,12840,2010,Accompanying Item,11
123162554,12840,2010,Accompanying Item,11
123162555,12840,2010,Accompanying Item,11
123162556,12840,2010,Accompanying Item,11
123162557,12840,2010,Accompanying Item,11
123162558,12840,2010,Accompanying Item,11
123162559,12840,2010,Accompanying Item,11
123162551,12841,2010,Accompanying Item,11
1231625510,12841,2010,Accompanying Item,11
1231625511,12841,2010,Accompanying Item,11
1231625512,12841,2010,Accompanying Item,11
1231625513,12841,2010,Accompanying Item,11
1231625514,12841,2010,Accompanying Item,11
1231625515,12841,2010,Accompanying Item,11
123162552,12841,2010,Accompanying Item,11
123162553,12841,2010,Accompanying Item,11
123162554,12841,2010,Accompanying Item,11
123162555,12841,2010,Accompanying Item,11
123162556,12841,2010,Accompanying Item,11
123162557,12841,2010,Accompanying Item,11
123162558,12841,2010,Accompanying Item,11
123162559,12841,2010,Accompanying Item,11
123162551,12842,2010,Accompanying Item,0
1231625510,12842,2010,Accompanying Item,0
1231625511,12842,2010,Accompanying Item,0
1231625512,12842,2010,Accompanying Item,0
1231625513,12842,2010,Accompanying Item,0
1231625514,12842,2010,Accompanying Item,0
1231625515,12842,2010,Accompanying Item,0
123162552,12842,2010,Accompanying Item,0
123162553,12842,2010,Accompanying Item,0
123162554,12842,2010,Accompanying Item,0
123162555,12842,2010,Accompanying Item,0
123162556,12842,2010,Accompanying Item,0
123162557,12842,2010,Accompanying Item,0
123162558,12842,2010,Accompanying Item,0
123162559,12842,2010,Accompanying Item,0
123162551,12843,2010,Accompanying Item,11
1231625510,12843,2010,Accompanying Item,11
1231625511,12843,2010,Accompanying Item,11
1231625512,12843,2010,Accompanying Item,11
1231625513,12843,2010,Accompanying Item,11
1231625514,12843,2010,Accompanying Item,11
1231625515,12843,2010,Accompanying Item,11
123162552,12843,2010,Accompanying Item,11
123162553,12843,2010,Accompanying Item,11
123162554,12843,2010,Accompanying Item,11
123162555,12843,2010,Accompanying Item,11
123162556,12843,2010,Accompanying Item,11
123162557,12843,2010,Accompanying Item,11
123162558,12843,2010,Accompanying Item,11
123162559,12843,2010,Accompanying Item,11
123162551,12846,2010,Main Item,5
123162552,12847,2010,Main Item,5
123162553,12849,2010,Main Item,5
123162554,12850,2010,Main Item,5
123162555,12851,2010,Main Item,5
123162556,12852,2010,Main Item,5
1231230810,12883,2010,Main Item,5
12332682,12908,2010,Main Item,0
1231230811,12916,2010,Main Item,7
123162551,12917,2010,Accompanying Item,6
1231625510,12917,2010,Accompanying Item,6
1231625511,12917,2010,Accompanying Item,6
1231625512,12917,2010,Accompanying Item,6
1231625513,12917,2010,Accompanying Item,6
1231625514,12917,2010,Accompanying Item,6
1231625515,12917,2010,Accompanying Item,6
123162552,12917,2010,Accompanying Item,6
123162553,12917,2010,Accompanying Item,6
123162554,12917,2010,Accompanying Item,6
123162555,12917,2010,Accompanying Item,6
123162556,12917,2010,Accompanying Item,6
123162557,12917,2010,Accompanying Item,6
123162558,12917,2010,Accompanying Item,6
123162559,12917,2010,Accompanying Item,6
123123081,12918,2010,Accompanying Item,6
1231230810,12918,2010,Accompanying Item,6
1231230811,12918,2010,Accompanying Item,6
123123082,12918,2010,Accompanying Item,6
123123083,12918,2010,Accompanying Item,6
123123084,12918,2010,Accompanying Item,6
123123085,12918,2010,Accompanying Item,6
123123086,12918,2010,Accompanying Item,6
123123087,12918,2010,Accompanying Item,6
123123088,12918,2010,Accompanying Item,6
123123089,12918,2010,Accompanying Item,6
123123081,12926,2010,Accompanying Item,0
1231230810,12926,2010,Accompanying Item,0
1231230811,12926,2010,Accompanying Item,0
123123082,12926,2010,Accompanying Item,0
123123083,12926,2010,Accompanying Item,0
123123084,12926,2010,Accompanying Item,0
123123085,12926,2010,Accompanying Item,0
123123086,12926,2010,Accompanying Item,0
123123087,12926,2010,Accompanying Item,0
123123088,12926,2010,Accompanying Item,0
123123089,12926,2010,Accompanying Item,0
12322591,12930,2010,Accompanying Item,0
123162551,12932,2010,Accompanying Item,0
1231625510,12932,2010,Accompanying Item,0
1231625511,12932,2010,Accompanying Item,0
1231625512,12932,2010,Accompanying Item,0
1231625513,12932,2010,Accompanying Item,0
1231625514,12932,2010,Accompanying Item,0
1231625515,12932,2010,Accompanying Item,0
123162552,12932,2010,Accompanying Item,0
123162553,12932,2010,Accompanying Item,0
123162554,12932,2010,Accompanying Item,0
123162555,12932,2010,Accompanying Item,0
123162556,12932,2010,Accompanying Item,0
123162557,12932,2010,Accompanying Item,0
123162558,12932,2010,Accompanying Item,0
123162559,12932,2010,Accompanying Item,0
123162551,12933,2010,Accompanying Item,0
1231625510,12933,2010,Accompanying Item,0
1231625511,12933,2010,Accompanying Item,0
1231625512,12933,2010,Accompanying Item,0
1231625513,12933,2010,Accompanying Item,0
1231625514,12933,2010,Accompanying Item,0
1231625515,12933,2010,Accompanying Item,0
123162552,12933,2010,Accompanying Item,0
123162553,12933,2010,Accompanying Item,0
123162554,12933,2010,Accompanying Item,0
123162555,12933,2010,Accompanying Item,0
123162556,12933,2010,Accompanying Item,0
123162557,12933,2010,Accompanying Item,0
123162558,12933,2010,Accompanying Item,0
123162559,12933,2010,Accompanying Item,0
123162551,12934,2010,Accompanying Item,0
1231625510,12934,2010,Accompanying Item,0
1231625511,12934,2010,Accompanying Item,0
1231625512,12934,2010,Accompanying Item,0
1231625513,12934,2010,Accompanying Item,0
1231625514,12934,2010,Accompanying Item,0
1231625515,12934,2010,Accompanying Item,0
123162552,12934,2010,Accompanying Item,0
123162553,12934,2010,Accompanying Item,0
123162554,12934,2010,Accompanying Item,0
123162555,12934,2010,Accompanying Item,0
123162556,12934,2010,Accompanying Item,0
123162557,12934,2010,Accompanying Item,0
123162558,12934,2010,Accompanying Item,0
123162559,12934,2010,Accompanying Item,0
123162551,12936,2010,Accompanying Item,0
1231625510,12936,2010,Accompanying Item,0
1231625511,12936,2010,Accompanying Item,0
1231625512,12936,2010,Accompanying Item,0
1231625513,12936,2010,Accompanying Item,0
1231625514,12936,2010,Accompanying Item,0
1231625515,12936,2010,Accompanying Item,0
123162552,12936,2010,Accompanying Item,0
123162553,12936,2010,Accompanying Item,0
123162554,12936,2010,Accompanying Item,0
123162555,12936,2010,Accompanying Item,0
123162556,12936,2010,Accompanying Item,0
123162557,12936,2010,Accompanying Item,0
123162558,12936,2010,Accompanying Item,0
123162559,12936,2010,Accompanying Item,0
123123081,12938,2010,Accompanying Item,0
1231230810,12938,2010,Accompanying Item,0
1231230811,12938,2010,Accompanying Item,0
123123082,12938,2010,Accompanying Item,0
123123083,12938,2010,Accompanying Item,0
123123084,12938,2010,Accompanying Item,0
123123085,12938,2010,Accompanying Item,0
123123086,12938,2010,Accompanying Item,0
123123087,12938,2010,Accompanying Item,0
123123088,12938,2010,Accompanying Item,0
123123089,12938,2010,Accompanying Item,0
123162551,12938,2010,Accompanying Item,0
1231625510,12938,2010,Accompanying Item,0
1231625511,12938,2010,Accompanying Item,0
1231625512,12938,2010,Accompanying Item,0
1231625513,12938,2010,Accompanying Item,0
1231625514,12938,2010,Accompanying Item,0
1231625515,12938,2010,Accompanying Item,0
123162552,12938,2010,Accompanying Item,0
123162553,12938,2010,Accompanying Item,0
123162554,12938,2010,Accompanying Item,0
123162555,12938,2010,Accompanying Item,0
123162556,12938,2010,Accompanying Item,0
123162557,12938,2010,Accompanying Item,0
123162558,12938,2010,Accompanying Item,0
123162559,12938,2010,Accompanying Item,0
123123081,12939,2010,Accompanying Item,0
1231230810,12939,2010,Accompanying Item,0
1231230811,12939,2010,Accompanying Item,0
123123082,12939,2010,Accompanying Item,0
123123083,12939,2010,Accompanying Item,0
123123084,12939,2010,Accompanying Item,0
123123085,12939,2010,Accompanying Item,0
123123086,12939,2010,Accompanying Item,0
123123087,12939,2010,Accompanying Item,0
123123088,12939,2010,Accompanying Item,0
123123089,12939,2010,Accompanying Item,0
123123081,12940,2010,Accompanying Item,0
1231230810,12940,2010,Accompanying Item,0
1231230811,12940,2010,Accompanying Item,0
123123082,12940,2010,Accompanying Item,0
123123083,12940,2010,Accompanying Item,0
123123084,12940,2010,Accompanying Item,0
123123085,12940,2010,Accompanying Item,0
123123086,12940,2010,Accompanying Item,0
123123087,12940,2010,Accompanying Item,0
123123088,12940,2010,Accompanying Item,0
123123089,12940,2010,Accompanying Item,0
123123081,12941,2010,Accompanying Item,0
1231230810,12941,2010,Accompanying Item,0
1231230811,12941,2010,Accompanying Item,0
123123082,12941,2010,Accompanying Item,0
123123083,12941,2010,Accompanying Item,0
123123084,12941,2010,Accompanying Item,0
123123085,12941,2010,Accompanying Item,0
123123086,12941,2010,Accompanying Item,0
123123087,12941,2010,Accompanying Item,0
123123088,12941,2010,Accompanying Item,0
123123089,12941,2010,Accompanying Item,0
12342541,12944,2010,Accompanying Item,11
12342542,12944,2010,Accompanying Item,11
12342543,12944,2010,Accompanying Item,11
12352932,12944,2010,Accompanying Item,11
12322591,12945,2010,Accompanying Item,11
123162551,12947,2010,Accompanying Item,0
1231625510,12947,2010,Accompanying Item,0
1231625511,12947,2010,Accompanying Item,0
1231625512,12947,2010,Accompanying Item,0
1231625513,12947,2010,Accompanying Item,0
1231625514,12947,2010,Accompanying Item,0
1231625515,12947,2010,Accompanying Item,0
123162552,12947,2010,Accompanying Item,0
123162553,12947,2010,Accompanying Item,0
123162554,12947,2010,Accompanying Item,0
123162555,12947,2010,Accompanying Item,0
123162556,12947,2010,Accompanying Item,0
123162557,12947,2010,Accompanying Item,0
123162558,12947,2010,Accompanying Item,0
123162559,12947,2010,Accompanying Item,0
12322591,12949,2010,Accompanying Item,11
12322591,12950,2010,Accompanying Item,11
12322591,12951,2010,Accompanying Item,11
12322591,12952,2010,Accompanying Item,11
12322591,12953,2010,Accompanying Item,11
12332681,12953,2010,Accompanying Item,11
12332682,12953,2010,Accompanying Item,11
12332681,12954,2010,Accompanying Item,11
12332682,12954,2010,Accompanying Item,11
12332681,12955,2010,Accompanying Item,11
12332682,12955,2010,Accompanying Item,11
12332681,12956,2010,Accompanying Item,11
12332682,12956,2010,Accompanying Item,11
12332681,12957,2010,Accompanying Item,11
12332682,12957,2010,Accompanying Item,11
12343012,12957,2010,Accompanying Item,11
12332681,12958,2010,Accompanying Item,11
12332682,12958,2010,Accompanying Item,11
12332681,12959,2010,Accompanying Item,11
12332682,12959,2010,Accompanying Item,11
12322591,12960,2010,Accompanying Item,11
12332681,12960,2010,Accompanying Item,11
12332682,12960,2010,Accompanying Item,11
12322591,12970,2010,Accompanying Item,11
13524151,14714,2010,Accompanying Item,1
13524081,14716,2010,Accompanying Item,1
13524151,14717,2010,Accompanying Item,9
13594281,14725,2010,Main Item,8
13594282,14726,2010,Main Item,8
13564221,14729,2010,Main Item,8
13524081,14822,2010,Accompanying Item,6
13524151,14823,2010,Accompanying Item,6
13524151,14824,2010,Accompanying Item,6
13524081,14828,2010,Accompanying Item,0
13524151,14832,2010,Accompanying Item,0
13524081,14834,2010,Accompanying Item,0
13524151,14834,2010,Accompanying Item,0
13524081,14836,2010,Accompanying Item,0
13524151,14836,2010,Accompanying Item,0
13524151,14837,2010,Accompanying Item,0
13524081,14838,2010,Accompanying Item,0
13524151,14838,2010,Accompanying Item,0
13524151,14841,2010,Accompanying Item,0
13524151,14845,2010,Accompanying Item,0
13524081,14846,2010,Accompanying Item,0
13524151,14846,2010,Accompanying Item,0
13574452,14853,2010,Main Item,0
13564221,14863,2010,Accompanying Item,11
13564222,14863,2010,Accompanying Item,11
13564223,14863,2010,Accompanying Item,11
13564224,14863,2010,Accompanying Item,11
13564225,14863,2010,Accompanying Item,11
13564221,14868,2010,Accompanying Item,11
13564222,14868,2010,Accompanying Item,11
13564223,14868,2010,Accompanying Item,11
13564224,14868,2010,Accompanying Item,11
13564225,14868,2010,Accompanying Item,11
13564221,14869,2010,Accompanying Item,11
13564222,14869,2010,Accompanying Item,11
13564223,14869,2010,Accompanying Item,11
13564224,14869,2010,Accompanying Item,11
13564225,14869,2010,Accompanying Item,11
13564221,14872,2010,Accompanying Item,11
13564222,14872,2010,Accompanying Item,11
13564223,14872,2010,Accompanying Item,11
13564224,14872,2010,Accompanying Item,11
13564225,14872,2010,Accompanying Item,11
13564221,14873,2010,Accompanying Item,11
13564222,14873,2010,Accompanying Item,11
13564223,14873,2010,Accompanying Item,11
13564224,14873,2010,Accompanying Item,11
13564225,14873,2010,Accompanying Item,11
13594281,14873,2010,Accompanying Item,11
13594282,14873,2010,Accompanying Item,11
13594285,14873,2010,Accompanying Item,11
13564221,14874,2010,Accompanying Item,11
13564222,14874,2010,Accompanying Item,11
13564223,14874,2010,Accompanying Item,11
13564224,14874,2010,Accompanying Item,11
13564225,14874,2010,Accompanying Item,11
13564221,14875,2010,Accompanying Item,11
13564222,14875,2010,Accompanying Item,11
13564223,14875,2010,Accompanying Item,11
13564224,14875,2010,Accompanying Item,11
13564225,14875,2010,Accompanying Item,11
218311391,1538,2010,Main Item,10
218311392,1539,2010,Main Item,10
11422171,1554,2010,Accompanying Item,6
14224511,15738,2010,Accompanying Item,0
14224511,15795,2010,Accompanying Item,0
14264531,15804,2010,Accompanying Item,11
14264532,15804,2010,Accompanying Item,11
14264533,15804,2010,Accompanying Item,11
14264534,15804,2010,Accompanying Item,11
14264535,15804,2010,Accompanying Item,11
16947441,1596,2010,Main Item,6
16947442,1597,2010,Main Item,6
16947443,1598,2010,Main Item,6
10241051,1620,2010,Main Item,6
10241052,1621,2010,Main Item,6
10241053,1622,2010,Main Item,6
10231121,1634,2010,Main Item,6
10231122,1635,2010,Main Item,6
11021911,1643,2010,Main Item,0
11422171,1651,2010,Accompanying Item,0
218211381,1691,2010,Main Item,0
14264531,1701,2010,Main Item,8
15956761,1762,2010,Main Item,8
15996672,1765,2010,Main Item,8
169117371,1767,2010,Main Item,8
169117372,1768,2010,Main Item,8
169117373,1769,2010,Main Item,8
169117374,1770,2010,Main Item,8
169117375,1771,2010,Main Item,8
169117376,1772,2010,Main Item,8
180119551,1775,2010,Main Item,8
180119552,1776,2010,Main Item,8
180119561,1779,2010,Main Item,8
180119562,1780,2010,Main Item,8
180119563,1781,2010,Main Item,8
156656431,17946,2010,Accompanying Item,11
156656431,17955,2010,Accompanying Item,11
15676412,18015,2010,Main Item,9
15676413,18082,2010,Main Item,9
156656431,18151,2010,Accompanying Item,11
156656431,18152,2010,Accompanying Item,11
156656431,18153,2010,Accompanying Item,11
156656431,18154,2010,Accompanying Item,11
156656431,18155,2010,Accompanying Item,11
15666455,18174,2010,Accompanying Item,11
15676411,18174,2010,Accompanying Item,11
15676412,18174,2010,Accompanying Item,11
15676413,18174,2010,Accompanying Item,11
15676414,18174,2010,Accompanying Item,11
15676415,18174,2010,Accompanying Item,11
156656431,18178,2010,Accompanying Item,11
156656431,18188,2010,Accompanying Item,11
11752301,1819,2010,Main Item,8
156656431,18191,2010,Accompanying Item,11
156656431,18195,2010,Accompanying Item,11
156656431,18199,2010,Accompanying Item,11
156656431,18200,2010,Accompanying Item,11
156656431,18202,2010,Accompanying Item,11
156656431,18203,2010,Accompanying Item,11
156656431,18205,2010,Accompanying Item,11
156656431,18212,2010,Accompanying Item,11
156656431,18213,2010,Accompanying Item,11
156656431,18216,2010,Accompanying Item,11
15666455,18222,2010,Accompanying Item,11
15676411,18222,2010,Accompanying Item,11
15676412,18222,2010,Accompanying Item,11
15676413,18222,2010,Accompanying Item,11
15676414,18222,2010,Accompanying Item,11
15676415,18222,2010,Accompanying Item,11
156656431,18223,2010,Accompanying Item,11
156656431,18234,2010,Accompanying Item,11
156656431,18235,2010,Accompanying Item,11
156656431,18236,2010,Accompanying Item,11
156656431,18239,2010,Accompanying Item,11
156656431,18248,2010,Accompanying Item,11
156656431,18249,2010,Accompanying Item,11
156656431,18250,2010,Accompanying Item,11
156656431,18253,2010,Accompanying Item,11
156656431,18263,2010,Accompanying Item,11
156656431,18264,2010,Accompanying Item,11
159146711,18366,2010,Main Item,9
159146712,18370,2010,Main Item,9
15956762,1841,2010,Main Item,8
15996674,1842,2010,Main Item,8
169117377,1843,2010,Main Item,8
159146711,18432,2010,Accompanying Item,11
1591467110,18432,2010,Accompanying Item,11
1591467111,18432,2010,Accompanying Item,11
1591467112,18432,2010,Accompanying Item,11
1591467113,18432,2010,Accompanying Item,11
159146712,18432,2010,Accompanying Item,11
159146713,18432,2010,Accompanying Item,11
159146714,18432,2010,Accompanying Item,11
159146715,18432,2010,Accompanying Item,11
159146716,18432,2010,Accompanying Item,11
159146717,18432,2010,Accompanying Item,11
159146718,18432,2010,Accompanying Item,11
159146719,18432,2010,Accompanying Item,11
159146711,18433,2010,Accompanying Item,11
1591467110,18433,2010,Accompanying Item,11
1591467111,18433,2010,Accompanying Item,11
1591467112,18433,2010,Accompanying Item,11
1591467113,18433,2010,Accompanying Item,11
159146712,18433,2010,Accompanying Item,11
159146713,18433,2010,Accompanying Item,11
159146714,18433,2010,Accompanying Item,11
159146715,18433,2010,Accompanying Item,11
159146716,18433,2010,Accompanying Item,11
159146717,18433,2010,Accompanying Item,11
159146718,18433,2010,Accompanying Item,11
159146719,18433,2010,Accompanying Item,11
15956761,18434,2010,Accompanying Item,11
15956762,18434,2010,Accompanying Item,11
15956763,18434,2010,Accompanying Item,11
15956764,18434,2010,Accompanying Item,11
15996672,18434,2010,Accompanying Item,11
15996674,18434,2010,Accompanying Item,11
15996676,18434,2010,Accompanying Item,11
15996678,18434,2010,Accompanying Item,11
15956761,18435,2010,Accompanying Item,11
15956762,18435,2010,Accompanying Item,11
15956763,18435,2010,Accompanying Item,11
15956764,18435,2010,Accompanying Item,11
15996672,18435,2010,Accompanying Item,11
15996674,18435,2010,Accompanying Item,11
15996676,18435,2010,Accompanying Item,11
15996678,18435,2010,Accompanying Item,11
159146711,18436,2010,Accompanying Item,11
1591467110,18436,2010,Accompanying Item,11
1591467111,18436,2010,Accompanying Item,11
1591467112,18436,2010,Accompanying Item,11
1591467113,18436,2010,Accompanying Item,11
159146712,18436,2010,Accompanying Item,11
159146713,18436,2010,Accompanying Item,11
159146714,18436,2010,Accompanying Item,11
159146715,18436,2010,Accompanying Item,11
159146716,18436,2010,Accompanying Item,11
159146717,18436,2010,Accompanying Item,11
159146718,18436,2010,Accompanying Item,11
159146719,18436,2010,Accompanying Item,11
159146711,18437,2010,Accompanying Item,11
1591467110,18437,2010,Accompanying Item,11
1591467111,18437,2010,Accompanying Item,11
1591467112,18437,2010,Accompanying Item,11
1591467113,18437,2010,Accompanying Item,11
159146712,18437,2010,Accompanying Item,11
159146713,18437,2010,Accompanying Item,11
159146714,18437,2010,Accompanying Item,11
159146715,18437,2010,Accompanying Item,11
159146716,18437,2010,Accompanying Item,11
159146717,18437,2010,Accompanying Item,11
159146718,18437,2010,Accompanying Item,11
159146719,18437,2010,Accompanying Item,11
15956761,18439,2010,Accompanying Item,11
15956762,18439,2010,Accompanying Item,11
15956763,18439,2010,Accompanying Item,11
15956764,18439,2010,Accompanying Item,11
15996672,18439,2010,Accompanying Item,11
15996674,18439,2010,Accompanying Item,11
15996676,18439,2010,Accompanying Item,11
15996678,18439,2010,Accompanying Item,11
15956761,18441,2010,Accompanying Item,11
15956762,18441,2010,Accompanying Item,11
15956763,18441,2010,Accompanying Item,11
15956764,18441,2010,Accompanying Item,11
15996672,18441,2010,Accompanying Item,11
15996674,18441,2010,Accompanying Item,11
15996676,18441,2010,Accompanying Item,11
15996678,18441,2010,Accompanying Item,11
159146711,18444,2010,Accompanying Item,11
1591467110,18444,2010,Accompanying Item,11
1591467111,18444,2010,Accompanying Item,11
1591467112,18444,2010,Accompanying Item,11
1591467113,18444,2010,Accompanying Item,11
159146712,18444,2010,Accompanying Item,11
159146713,18444,2010,Accompanying Item,11
159146714,18444,2010,Accompanying Item,11
159146715,18444,2010,Accompanying Item,11
159146716,18444,2010,Accompanying Item,11
159146717,18444,2010,Accompanying Item,11
159146718,18444,2010,Accompanying Item,11
159146719,18444,2010,Accompanying Item,11
169117378,1845,2010,Main Item,8
180119553,1846,2010,Main Item,8
180119554,1847,2010,Main Item,8
180119555,1849,2010,Main Item,8
180119564,1851,2010,Main Item,8
180119565,1852,2010,Main Item,8
180119566,1854,2010,Main Item,8
169117379,1889,2010,Main Item,8
11422171,1910,2010,Accompanying Item,0
11422171,1911,2010,Accompanying Item,0
16957433,19198,2010,Main Item,5
16957434,19199,2010,Main Item,5
14224511,1920,2010,Accompanying Item,0
1691227381,19223,2010,Accompanying Item,11
16912273810,19223,2010,Accompanying Item,11
169000000000,19223,2010,Accompanying Item,11
169000000000,19223,2010,Accompanying Item,11
169000000000,19223,2010,Accompanying Item,11
169000000000,19223,2010,Accompanying Item,11
169000000000,19223,2010,Accompanying Item,11
169000000000,19223,2010,Accompanying Item,11
169000000000,19223,2010,Accompanying Item,11
169000000000,19223,2010,Accompanying Item,11
169000000000,19223,2010,Accompanying Item,11
169000000000,19223,2010,Accompanying Item,11
16912273811,19223,2010,Accompanying Item,11
169000000000,19223,2010,Accompanying Item,11
169000000000,19223,2010,Accompanying Item,11
169000000000,19223,2010,Accompanying Item,11
169000000000,19223,2010,Accompanying Item,11
169000000000,19223,2010,Accompanying Item,11
169000000000,19223,2010,Accompanying Item,11
169000000000,19223,2010,Accompanying Item,11
169000000000,19223,2010,Accompanying Item,11
169000000000,19223,2010,Accompanying Item,11
169000000000,19223,2010,Accompanying Item,11
16912273812,19223,2010,Accompanying Item,11
169000000000,19223,2010,Accompanying Item,11
169000000000,19223,2010,Accompanying Item,11
16912273813,19223,2010,Accompanying Item,11
16912273814,19223,2010,Accompanying Item,11
16912273815,19223,2010,Accompanying Item,11
16912273816,19223,2010,Accompanying Item,11
16912273817,19223,2010,Accompanying Item,11
16912273818,19223,2010,Accompanying Item,11
16912273819,19223,2010,Accompanying Item,11
1691227382,19223,2010,Accompanying Item,11
16912273820,19223,2010,Accompanying Item,11
16912273821,19223,2010,Accompanying Item,11
16912273822,19223,2010,Accompanying Item,11
16912273823,19223,2010,Accompanying Item,11
16912273824,19223,2010,Accompanying Item,11
16912273825,19223,2010,Accompanying Item,11
16912273826,19223,2010,Accompanying Item,11
16912273827,19223,2010,Accompanying Item,11
16912273828,19223,2010,Accompanying Item,11
16912273829,19223,2010,Accompanying Item,11
1691227383,19223,2010,Accompanying Item,11
16912273830,19223,2010,Accompanying Item,11
16912273831,19223,2010,Accompanying Item,11
16912273832,19223,2010,Accompanying Item,11
16912273833,19223,2010,Accompanying Item,11
16912273834,19223,2010,Accompanying Item,11
16912273835,19223,2010,Accompanying Item,11
16912273836,19223,2010,Accompanying Item,11
16912273837,19223,2010,Accompanying Item,11
16912273838,19223,2010,Accompanying Item,11
16912273839,19223,2010,Accompanying Item,11
1691227384,19223,2010,Accompanying Item,11
16912273840,19223,2010,Accompanying Item,11
16912273841,19223,2010,Accompanying Item,11
16912273842,19223,2010,Accompanying Item,11
16912273843,19223,2010,Accompanying Item,11
16912273844,19223,2010,Accompanying Item,11
16912273845,19223,2010,Accompanying Item,11
16912273846,19223,2010,Accompanying Item,11
16912273847,19223,2010,Accompanying Item,11
16912273848,19223,2010,Accompanying Item,11
16912273849,19223,2010,Accompanying Item,11
1691227385,19223,2010,Accompanying Item,11
16912273850,19223,2010,Accompanying Item,11
16912273851,19223,2010,Accompanying Item,11
16912273852,19223,2010,Accompanying Item,11
16912273853,19223,2010,Accompanying Item,11
16912273854,19223,2010,Accompanying Item,11
16912273855,19223,2010,Accompanying Item,11
16912273856,19223,2010,Accompanying Item,11
16912273857,19223,2010,Accompanying Item,11
16912273858,19223,2010,Accompanying Item,11
16912273859,19223,2010,Accompanying Item,11
1691227386,19223,2010,Accompanying Item,11
16912273860,19223,2010,Accompanying Item,11
16912273861,19223,2010,Accompanying Item,11
16912273862,19223,2010,Accompanying Item,11
16912273863,19223,2010,Accompanying Item,11
16912273864,19223,2010,Accompanying Item,11
16912273865,19223,2010,Accompanying Item,11
16912273866,19223,2010,Accompanying Item,11
16912273867,19223,2010,Accompanying Item,11
16912273868,19223,2010,Accompanying Item,11
16912273869,19223,2010,Accompanying Item,11
1691227387,19223,2010,Accompanying Item,11
16912273870,19223,2010,Accompanying Item,11
16912273871,19223,2010,Accompanying Item,11
16912273872,19223,2010,Accompanying Item,11
16912273873,19223,2010,Accompanying Item,11
16912273874,19223,2010,Accompanying Item,11
16912273875,19223,2010,Accompanying Item,11
16912273876,19223,2010,Accompanying Item,11
16912273877,19223,2010,Accompanying Item,11
16912273878,19223,2010,Accompanying Item,11
16912273879,19223,2010,Accompanying Item,11
1691227388,19223,2010,Accompanying Item,11
16912273880,19223,2010,Accompanying Item,11
16912273881,19223,2010,Accompanying Item,11
16912273882,19223,2010,Accompanying Item,11
16912273883,19223,2010,Accompanying Item,11
16912273884,19223,2010,Accompanying Item,11
16912273885,19223,2010,Accompanying Item,11
16912273886,19223,2010,Accompanying Item,11
16912273887,19223,2010,Accompanying Item,11
16912273888,19223,2010,Accompanying Item,11
16912273889,19223,2010,Accompanying Item,11
1691227389,19223,2010,Accompanying Item,11
16912273890,19223,2010,Accompanying Item,11
16912273891,19223,2010,Accompanying Item,11
16912273892,19223,2010,Accompanying Item,11
16912273893,19223,2010,Accompanying Item,11
16912273894,19223,2010,Accompanying Item,11
16912273895,19223,2010,Accompanying Item,11
16912273896,19223,2010,Accompanying Item,11
16912273897,19223,2010,Accompanying Item,11
16912273898,19223,2010,Accompanying Item,11
16912273899,19223,2010,Accompanying Item,11
16947451,19238,2010,Accompanying Item,11
16947452,19238,2010,Accompanying Item,11
16947453,19238,2010,Accompanying Item,11
16947441,19239,2010,Accompanying Item,11
16947442,19239,2010,Accompanying Item,11
16947443,19239,2010,Accompanying Item,11
1691227381,19242,2010,Accompanying Item,11
16912273810,19242,2010,Accompanying Item,11
169000000000,19242,2010,Accompanying Item,11
169000000000,19242,2010,Accompanying Item,11
169000000000,19242,2010,Accompanying Item,11
169000000000,19242,2010,Accompanying Item,11
169000000000,19242,2010,Accompanying Item,11
169000000000,19242,2010,Accompanying Item,11
169000000000,19242,2010,Accompanying Item,11
169000000000,19242,2010,Accompanying Item,11
169000000000,19242,2010,Accompanying Item,11
169000000000,19242,2010,Accompanying Item,11
16912273811,19242,2010,Accompanying Item,11
169000000000,19242,2010,Accompanying Item,11
169000000000,19242,2010,Accompanying Item,11
169000000000,19242,2010,Accompanying Item,11
169000000000,19242,2010,Accompanying Item,11
169000000000,19242,2010,Accompanying Item,11
169000000000,19242,2010,Accompanying Item,11
169000000000,19242,2010,Accompanying Item,11
169000000000,19242,2010,Accompanying Item,11
169000000000,19242,2010,Accompanying Item,11
169000000000,19242,2010,Accompanying Item,11
16912273812,19242,2010,Accompanying Item,11
169000000000,19242,2010,Accompanying Item,11
169000000000,19242,2010,Accompanying Item,11
16912273813,19242,2010,Accompanying Item,11
16912273814,19242,2010,Accompanying Item,11
16912273815,19242,2010,Accompanying Item,11
16912273816,19242,2010,Accompanying Item,11
16912273817,19242,2010,Accompanying Item,11
16912273818,19242,2010,Accompanying Item,11
16912273819,19242,2010,Accompanying Item,11
1691227382,19242,2010,Accompanying Item,11
16912273820,19242,2010,Accompanying Item,11
16912273821,19242,2010,Accompanying Item,11
16912273822,19242,2010,Accompanying Item,11
16912273823,19242,2010,Accompanying Item,11
16912273824,19242,2010,Accompanying Item,11
16912273825,19242,2010,Accompanying Item,11
16912273826,19242,2010,Accompanying Item,11
16912273827,19242,2010,Accompanying Item,11
16912273828,19242,2010,Accompanying Item,11
16912273829,19242,2010,Accompanying Item,11
1691227383,19242,2010,Accompanying Item,11
16912273830,19242,2010,Accompanying Item,11
16912273831,19242,2010,Accompanying Item,11
16912273832,19242,2010,Accompanying Item,11
16912273833,19242,2010,Accompanying Item,11
16912273834,19242,2010,Accompanying Item,11
16912273835,19242,2010,Accompanying Item,11
16912273836,19242,2010,Accompanying Item,11
16912273837,19242,2010,Accompanying Item,11
16912273838,19242,2010,Accompanying Item,11
16912273839,19242,2010,Accompanying Item,11
1691227384,19242,2010,Accompanying Item,11
16912273840,19242,2010,Accompanying Item,11
16912273841,19242,2010,Accompanying Item,11
16912273842,19242,2010,Accompanying Item,11
16912273843,19242,2010,Accompanying Item,11
16912273844,19242,2010,Accompanying Item,11
16912273845,19242,2010,Accompanying Item,11
16912273846,19242,2010,Accompanying Item,11
16912273847,19242,2010,Accompanying Item,11
16912273848,19242,2010,Accompanying Item,11
16912273849,19242,2010,Accompanying Item,11
1691227385,19242,2010,Accompanying Item,11
16912273850,19242,2010,Accompanying Item,11
16912273851,19242,2010,Accompanying Item,11
16912273852,19242,2010,Accompanying Item,11
16912273853,19242,2010,Accompanying Item,11
16912273854,19242,2010,Accompanying Item,11
16912273855,19242,2010,Accompanying Item,11
16912273856,19242,2010,Accompanying Item,11
16912273857,19242,2010,Accompanying Item,11
16912273858,19242,2010,Accompanying Item,11
16912273859,19242,2010,Accompanying Item,11
1691227386,19242,2010,Accompanying Item,11
16912273860,19242,2010,Accompanying Item,11
16912273861,19242,2010,Accompanying Item,11
16912273862,19242,2010,Accompanying Item,11
16912273863,19242,2010,Accompanying Item,11
16912273864,19242,2010,Accompanying Item,11
16912273865,19242,2010,Accompanying Item,11
16912273866,19242,2010,Accompanying Item,11
16912273867,19242,2010,Accompanying Item,11
16912273868,19242,2010,Accompanying Item,11
16912273869,19242,2010,Accompanying Item,11
1691227387,19242,2010,Accompanying Item,11
16912273870,19242,2010,Accompanying Item,11
16912273871,19242,2010,Accompanying Item,11
16912273872,19242,2010,Accompanying Item,11
16912273873,19242,2010,Accompanying Item,11
16912273874,19242,2010,Accompanying Item,11
16912273875,19242,2010,Accompanying Item,11
16912273876,19242,2010,Accompanying Item,11
16912273877,19242,2010,Accompanying Item,11
16912273878,19242,2010,Accompanying Item,11
16912273879,19242,2010,Accompanying Item,11
1691227388,19242,2010,Accompanying Item,11
16912273880,19242,2010,Accompanying Item,11
16912273881,19242,2010,Accompanying Item,11
16912273882,19242,2010,Accompanying Item,11
16912273883,19242,2010,Accompanying Item,11
16912273884,19242,2010,Accompanying Item,11
16912273885,19242,2010,Accompanying Item,11
16912273886,19242,2010,Accompanying Item,11
16912273887,19242,2010,Accompanying Item,11
16912273888,19242,2010,Accompanying Item,11
16912273889,19242,2010,Accompanying Item,11
1691227389,19242,2010,Accompanying Item,11
16912273890,19242,2010,Accompanying Item,11
16912273891,19242,2010,Accompanying Item,11
16912273892,19242,2010,Accompanying Item,11
16912273893,19242,2010,Accompanying Item,11
16912273894,19242,2010,Accompanying Item,11
16912273895,19242,2010,Accompanying Item,11
16912273896,19242,2010,Accompanying Item,11
16912273897,19242,2010,Accompanying Item,11
16912273898,19242,2010,Accompanying Item,11
16912273899,19242,2010,Accompanying Item,11
1691227381,19244,2010,Accompanying Item,11
16912273810,19244,2010,Accompanying Item,11
169000000000,19244,2010,Accompanying Item,11
169000000000,19244,2010,Accompanying Item,11
169000000000,19244,2010,Accompanying Item,11
169000000000,19244,2010,Accompanying Item,11
169000000000,19244,2010,Accompanying Item,11
169000000000,19244,2010,Accompanying Item,11
169000000000,19244,2010,Accompanying Item,11
169000000000,19244,2010,Accompanying Item,11
169000000000,19244,2010,Accompanying Item,11
169000000000,19244,2010,Accompanying Item,11
16912273811,19244,2010,Accompanying Item,11
169000000000,19244,2010,Accompanying Item,11
169000000000,19244,2010,Accompanying Item,11
169000000000,19244,2010,Accompanying Item,11
169000000000,19244,2010,Accompanying Item,11
169000000000,19244,2010,Accompanying Item,11
169000000000,19244,2010,Accompanying Item,11
169000000000,19244,2010,Accompanying Item,11
169000000000,19244,2010,Accompanying Item,11
169000000000,19244,2010,Accompanying Item,11
169000000000,19244,2010,Accompanying Item,11
16912273812,19244,2010,Accompanying Item,11
169000000000,19244,2010,Accompanying Item,11
169000000000,19244,2010,Accompanying Item,11
16912273813,19244,2010,Accompanying Item,11
16912273814,19244,2010,Accompanying Item,11
16912273815,19244,2010,Accompanying Item,11
16912273816,19244,2010,Accompanying Item,11
16912273817,19244,2010,Accompanying Item,11
16912273818,19244,2010,Accompanying Item,11
16912273819,19244,2010,Accompanying Item,11
1691227382,19244,2010,Accompanying Item,11
16912273820,19244,2010,Accompanying Item,11
16912273821,19244,2010,Accompanying Item,11
16912273822,19244,2010,Accompanying Item,11
16912273823,19244,2010,Accompanying Item,11
16912273824,19244,2010,Accompanying Item,11
16912273825,19244,2010,Accompanying Item,11
16912273826,19244,2010,Accompanying Item,11
16912273827,19244,2010,Accompanying Item,11
16912273828,19244,2010,Accompanying Item,11
16912273829,19244,2010,Accompanying Item,11
1691227383,19244,2010,Accompanying Item,11
16912273830,19244,2010,Accompanying Item,11
16912273831,19244,2010,Accompanying Item,11
16912273832,19244,2010,Accompanying Item,11
16912273833,19244,2010,Accompanying Item,11
16912273834,19244,2010,Accompanying Item,11
16912273835,19244,2010,Accompanying Item,11
16912273836,19244,2010,Accompanying Item,11
16912273837,19244,2010,Accompanying Item,11
16912273838,19244,2010,Accompanying Item,11
16912273839,19244,2010,Accompanying Item,11
1691227384,19244,2010,Accompanying Item,11
16912273840,19244,2010,Accompanying Item,11
16912273841,19244,2010,Accompanying Item,11
16912273842,19244,2010,Accompanying Item,11
16912273843,19244,2010,Accompanying Item,11
16912273844,19244,2010,Accompanying Item,11
16912273845,19244,2010,Accompanying Item,11
16912273846,19244,2010,Accompanying Item,11
16912273847,19244,2010,Accompanying Item,11
16912273848,19244,2010,Accompanying Item,11
16912273849,19244,2010,Accompanying Item,11
1691227385,19244,2010,Accompanying Item,11
16912273850,19244,2010,Accompanying Item,11
16912273851,19244,2010,Accompanying Item,11
16912273852,19244,2010,Accompanying Item,11
16912273853,19244,2010,Accompanying Item,11
16912273854,19244,2010,Accompanying Item,11
16912273855,19244,2010,Accompanying Item,11
16912273856,19244,2010,Accompanying Item,11
16912273857,19244,2010,Accompanying Item,11
16912273858,19244,2010,Accompanying Item,11
16912273859,19244,2010,Accompanying Item,11
1691227386,19244,2010,Accompanying Item,11
16912273860,19244,2010,Accompanying Item,11
16912273861,19244,2010,Accompanying Item,11
16912273862,19244,2010,Accompanying Item,11
16912273863,19244,2010,Accompanying Item,11
16912273864,19244,2010,Accompanying Item,11
16912273865,19244,2010,Accompanying Item,11
16912273866,19244,2010,Accompanying Item,11
16912273867,19244,2010,Accompanying Item,11
16912273868,19244,2010,Accompanying Item,11
16912273869,19244,2010,Accompanying Item,11
1691227387,19244,2010,Accompanying Item,11
16912273870,19244,2010,Accompanying Item,11
16912273871,19244,2010,Accompanying Item,11
16912273872,19244,2010,Accompanying Item,11
16912273873,19244,2010,Accompanying Item,11
16912273874,19244,2010,Accompanying Item,11
16912273875,19244,2010,Accompanying Item,11
16912273876,19244,2010,Accompanying Item,11
16912273877,19244,2010,Accompanying Item,11
16912273878,19244,2010,Accompanying Item,11
16912273879,19244,2010,Accompanying Item,11
1691227388,19244,2010,Accompanying Item,11
16912273880,19244,2010,Accompanying Item,11
16912273881,19244,2010,Accompanying Item,11
16912273882,19244,2010,Accompanying Item,11
16912273883,19244,2010,Accompanying Item,11
16912273884,19244,2010,Accompanying Item,11
16912273885,19244,2010,Accompanying Item,11
16912273886,19244,2010,Accompanying Item,11
16912273887,19244,2010,Accompanying Item,11
16912273888,19244,2010,Accompanying Item,11
16912273889,19244,2010,Accompanying Item,11
1691227389,19244,2010,Accompanying Item,11
16912273890,19244,2010,Accompanying Item,11
16912273891,19244,2010,Accompanying Item,11
16912273892,19244,2010,Accompanying Item,11
16912273893,19244,2010,Accompanying Item,11
16912273894,19244,2010,Accompanying Item,11
16912273895,19244,2010,Accompanying Item,11
16912273896,19244,2010,Accompanying Item,11
16912273897,19244,2010,Accompanying Item,11
16912273898,19244,2010,Accompanying Item,11
16912273899,19244,2010,Accompanying Item,11
16947451,19251,2010,Main Item,4
16947452,19252,2010,Main Item,4
16947453,19263,2010,Main Item,4
1691227381,19266,2010,Accompanying Item,11
16912273810,19266,2010,Accompanying Item,11
169000000000,19266,2010,Accompanying Item,11
169000000000,19266,2010,Accompanying Item,11
169000000000,19266,2010,Accompanying Item,11
169000000000,19266,2010,Accompanying Item,11
169000000000,19266,2010,Accompanying Item,11
169000000000,19266,2010,Accompanying Item,11
169000000000,19266,2010,Accompanying Item,11
169000000000,19266,2010,Accompanying Item,11
169000000000,19266,2010,Accompanying Item,11
169000000000,19266,2010,Accompanying Item,11
16912273811,19266,2010,Accompanying Item,11
169000000000,19266,2010,Accompanying Item,11
169000000000,19266,2010,Accompanying Item,11
169000000000,19266,2010,Accompanying Item,11
169000000000,19266,2010,Accompanying Item,11
169000000000,19266,2010,Accompanying Item,11
169000000000,19266,2010,Accompanying Item,11
169000000000,19266,2010,Accompanying Item,11
169000000000,19266,2010,Accompanying Item,11
169000000000,19266,2010,Accompanying Item,11
169000000000,19266,2010,Accompanying Item,11
16912273812,19266,2010,Accompanying Item,11
169000000000,19266,2010,Accompanying Item,11
169000000000,19266,2010,Accompanying Item,11
16912273813,19266,2010,Accompanying Item,11
16912273814,19266,2010,Accompanying Item,11
16912273815,19266,2010,Accompanying Item,11
16912273816,19266,2010,Accompanying Item,11
16912273817,19266,2010,Accompanying Item,11
16912273818,19266,2010,Accompanying Item,11
16912273819,19266,2010,Accompanying Item,11
1691227382,19266,2010,Accompanying Item,11
16912273820,19266,2010,Accompanying Item,11
16912273821,19266,2010,Accompanying Item,11
16912273822,19266,2010,Accompanying Item,11
16912273823,19266,2010,Accompanying Item,11
16912273824,19266,2010,Accompanying Item,11
16912273825,19266,2010,Accompanying Item,11
16912273826,19266,2010,Accompanying Item,11
16912273827,19266,2010,Accompanying Item,11
16912273828,19266,2010,Accompanying Item,11
16912273829,19266,2010,Accompanying Item,11
1691227383,19266,2010,Accompanying Item,11
16912273830,19266,2010,Accompanying Item,11
16912273831,19266,2010,Accompanying Item,11
16912273832,19266,2010,Accompanying Item,11
16912273833,19266,2010,Accompanying Item,11
16912273834,19266,2010,Accompanying Item,11
16912273835,19266,2010,Accompanying Item,11
16912273836,19266,2010,Accompanying Item,11
16912273837,19266,2010,Accompanying Item,11
16912273838,19266,2010,Accompanying Item,11
16912273839,19266,2010,Accompanying Item,11
1691227384,19266,2010,Accompanying Item,11
16912273840,19266,2010,Accompanying Item,11
16912273841,19266,2010,Accompanying Item,11
16912273842,19266,2010,Accompanying Item,11
16912273843,19266,2010,Accompanying Item,11
16912273844,19266,2010,Accompanying Item,11
16912273845,19266,2010,Accompanying Item,11
16912273846,19266,2010,Accompanying Item,11
16912273847,19266,2010,Accompanying Item,11
16912273848,19266,2010,Accompanying Item,11
16912273849,19266,2010,Accompanying Item,11
1691227385,19266,2010,Accompanying Item,11
16912273850,19266,2010,Accompanying Item,11
16912273851,19266,2010,Accompanying Item,11
16912273852,19266,2010,Accompanying Item,11
16912273853,19266,2010,Accompanying Item,11
16912273854,19266,2010,Accompanying Item,11
16912273855,19266,2010,Accompanying Item,11
16912273856,19266,2010,Accompanying Item,11
16912273857,19266,2010,Accompanying Item,11
16912273858,19266,2010,Accompanying Item,11
16912273859,19266,2010,Accompanying Item,11
1691227386,19266,2010,Accompanying Item,11
16912273860,19266,2010,Accompanying Item,11
16912273861,19266,2010,Accompanying Item,11
16912273862,19266,2010,Accompanying Item,11
16912273863,19266,2010,Accompanying Item,11
16912273864,19266,2010,Accompanying Item,11
16912273865,19266,2010,Accompanying Item,11
16912273866,19266,2010,Accompanying Item,11
16912273867,19266,2010,Accompanying Item,11
16912273868,19266,2010,Accompanying Item,11
16912273869,19266,2010,Accompanying Item,11
1691227387,19266,2010,Accompanying Item,11
16912273870,19266,2010,Accompanying Item,11
16912273871,19266,2010,Accompanying Item,11
16912273872,19266,2010,Accompanying Item,11
16912273873,19266,2010,Accompanying Item,11
16912273874,19266,2010,Accompanying Item,11
16912273875,19266,2010,Accompanying Item,11
16912273876,19266,2010,Accompanying Item,11
16912273877,19266,2010,Accompanying Item,11
16912273878,19266,2010,Accompanying Item,11
16912273879,19266,2010,Accompanying Item,11
1691227388,19266,2010,Accompanying Item,11
16912273880,19266,2010,Accompanying Item,11
16912273881,19266,2010,Accompanying Item,11
16912273882,19266,2010,Accompanying Item,11
16912273883,19266,2010,Accompanying Item,11
16912273884,19266,2010,Accompanying Item,11
16912273885,19266,2010,Accompanying Item,11
16912273886,19266,2010,Accompanying Item,11
16912273887,19266,2010,Accompanying Item,11
16912273888,19266,2010,Accompanying Item,11
16912273889,19266,2010,Accompanying Item,11
1691227389,19266,2010,Accompanying Item,11
16912273890,19266,2010,Accompanying Item,11
16912273891,19266,2010,Accompanying Item,11
16912273892,19266,2010,Accompanying Item,11
16912273893,19266,2010,Accompanying Item,11
16912273894,19266,2010,Accompanying Item,11
16912273895,19266,2010,Accompanying Item,11
16912273896,19266,2010,Accompanying Item,11
16912273897,19266,2010,Accompanying Item,11
16912273898,19266,2010,Accompanying Item,11
16912273899,19266,2010,Accompanying Item,11
1691227381,19281,2010,Main Item,2
1691227382,19288,2010,Main Item,2
1691227383,19334,2010,Main Item,2
1691227384,19336,2010,Main Item,2
1691227385,19337,2010,Main Item,2
1691227386,19338,2010,Main Item,2
1691227387,19339,2010,Main Item,2
1691227388,19340,2010,Main Item,2
1691227389,19341,2010,Main Item,2
16912273810,19342,2010,Main Item,2
16912273811,19343,2010,Main Item,2
16912273812,19345,2010,Main Item,2
16912273813,19346,2010,Main Item,2
16912273814,19347,2010,Main Item,2
16912273815,19348,2010,Main Item,2
16912273816,19349,2010,Main Item,2
16912273817,19350,2010,Main Item,2
16912273818,19351,2010,Main Item,2
16912273819,19352,2010,Main Item,2
16912273820,19353,2010,Main Item,2
16912273821,19354,2010,Main Item,2
16912273822,19355,2010,Main Item,2
16912273823,19356,2010,Main Item,2
16912273824,19357,2010,Main Item,2
16912273825,19358,2010,Main Item,2
16912273826,19359,2010,Main Item,2
16912273827,19360,2010,Main Item,2
16912273828,19361,2010,Main Item,2
16912273829,19362,2010,Main Item,2
16912273830,19363,2010,Main Item,2
16912273831,19364,2010,Main Item,2
16912273832,19365,2010,Main Item,2
16912273833,19366,2010,Main Item,2
16912273834,19367,2010,Main Item,2
16912273835,19368,2010,Main Item,2
16912273836,19369,2010,Main Item,2
16912273837,19370,2010,Main Item,2
16912273838,19371,2010,Main Item,2
16912273839,19372,2010,Main Item,2
16912273840,19373,2010,Main Item,2
16912273841,19374,2010,Main Item,2
16912273842,19375,2010,Main Item,2
16912273843,19376,2010,Main Item,2
16912273844,19377,2010,Main Item,2
16912273845,19378,2010,Main Item,2
16912273846,19379,2010,Main Item,2
16912273847,19380,2010,Main Item,2
16912273848,19381,2010,Main Item,2
16912273849,19382,2010,Main Item,2
16912273850,19383,2010,Main Item,2
16912273851,19384,2010,Main Item,2
16912273852,19385,2010,Main Item,2
16912273853,19386,2010,Main Item,2
16912273854,19387,2010,Main Item,2
16912273855,19388,2010,Main Item,2
16912273856,19389,2010,Main Item,2
16912273857,19390,2010,Main Item,2
16912273858,19391,2010,Main Item,2
16912273859,19401,2010,Main Item,2
16912273860,19407,2010,Main Item,2
16912273861,19408,2010,Main Item,2
16912273862,19409,2010,Main Item,2
16912273863,19410,2010,Main Item,2
16912273864,19411,2010,Main Item,2
16912273865,19412,2010,Main Item,2
16912273866,19413,2010,Main Item,2
16912273867,19414,2010,Main Item,2
16912273868,19415,2010,Main Item,2
16912273869,19416,2010,Main Item,2
16912273870,19417,2010,Main Item,2
16912273871,19418,2010,Main Item,2
16912273872,19419,2010,Main Item,2
16912273873,19420,2010,Main Item,2
16912273874,19421,2010,Main Item,2
16912273875,19422,2010,Main Item,2
16912273876,19423,2010,Main Item,2
16912273877,19424,2010,Main Item,2
16912273878,19425,2010,Main Item,2
16912273879,19426,2010,Main Item,2
16912273880,19427,2010,Main Item,2
16912273881,19428,2010,Main Item,2
16912273882,19429,2010,Main Item,2
16912273883,19430,2010,Main Item,2
16912273884,19431,2010,Main Item,2
16912273885,19432,2010,Main Item,2
16912273886,19433,2010,Main Item,2
16912273887,19434,2010,Main Item,2
16912273888,19435,2010,Main Item,2
16912273889,19436,2010,Main Item,2
16912273890,19491,2010,Main Item,2
16912273891,19492,2010,Main Item,2
16912273892,19493,2010,Main Item,2
16912273893,19500,2010,Main Item,2
17438321,19505,2010,Main Item,1
17488251,19523,2010,Main Item,8
17488252,19526,2010,Main Item,8
17488253,19528,2010,Main Item,8
17488254,19529,2010,Main Item,8
17458271,19558,2010,Accompanying Item,11
17458271,19559,2010,Accompanying Item,11
17458271,19560,2010,Accompanying Item,11
17458271,19561,2010,Accompanying Item,11
17478311,19567,2010,Main Item,5
17478312,19609,2010,Main Item,0
17428291,19613,2010,Accompanying Item,6
17428241,19619,2010,Main Item,0
17428241,19632,2010,Accompanying Item,11
17428241,19633,2010,Accompanying Item,11
17428241,19635,2010,Accompanying Item,11
17488251,19637,2010,Accompanying Item,11
17488252,19637,2010,Accompanying Item,11
17488253,19637,2010,Accompanying Item,11
17488254,19637,2010,Accompanying Item,11
17488255,19637,2010,Accompanying Item,11
17488256,19637,2010,Accompanying Item,11
17488257,19637,2010,Accompanying Item,11
17488251,19638,2010,Accompanying Item,11
17488252,19638,2010,Accompanying Item,11
17488253,19638,2010,Accompanying Item,11
17488254,19638,2010,Accompanying Item,11
17488255,19638,2010,Accompanying Item,11
17488256,19638,2010,Accompanying Item,11
17488257,19638,2010,Accompanying Item,11
17488251,19640,2010,Accompanying Item,11
17488252,19640,2010,Accompanying Item,11
17488253,19640,2010,Accompanying Item,11
17488254,19640,2010,Accompanying Item,11
17488255,19640,2010,Accompanying Item,11
17488256,19640,2010,Accompanying Item,11
17488257,19640,2010,Accompanying Item,11
17488251,19642,2010,Accompanying Item,11
17488252,19642,2010,Accompanying Item,11
17488253,19642,2010,Accompanying Item,11
17488254,19642,2010,Accompanying Item,11
17488255,19642,2010,Accompanying Item,11
17488256,19642,2010,Accompanying Item,11
17488257,19642,2010,Accompanying Item,11
17488251,19643,2010,Accompanying Item,11
17488252,19643,2010,Accompanying Item,11
17488253,19643,2010,Accompanying Item,11
17488254,19643,2010,Accompanying Item,11
17488255,19643,2010,Accompanying Item,11
17488256,19643,2010,Accompanying Item,11
17488257,19643,2010,Accompanying Item,11
17428241,19644,2010,Accompanying Item,11
17438321,19644,2010,Accompanying Item,11
17638941,19770,2010,Main Item,0
17628901,19772,2010,Main Item,5
17628961,19776,2010,Main Item,5
17688921,19823,2010,Main Item,7
17628901,19831,2010,Accompanying Item,0
17688921,19832,2010,Accompanying Item,11
17688921,19833,2010,Accompanying Item,11
17688921,19834,2010,Accompanying Item,11
17688921,19835,2010,Accompanying Item,11
17688921,19836,2010,Accompanying Item,11
17688921,19837,2010,Accompanying Item,11
17688921,19838,2010,Accompanying Item,11
17628961,19840,2010,Accompanying Item,11
17638941,19840,2010,Accompanying Item,11
17628961,19841,2010,Accompanying Item,11
17638941,19841,2010,Accompanying Item,11
17628961,19842,2010,Accompanying Item,11
17628911,19856,2010,Main Item,4
18729441,20233,2010,Main Item,5
18759451,20244,2010,Main Item,0
18729471,20247,2010,Main Item,0
18739481,20254,2010,Main Item,0
18739482,20255,2010,Main Item,0
18759452,20256,2010,Main Item,0
18729531,20321,2010,Main Item,0
18729461,20377,2010,Main Item,0
18729441,20379,2010,Accompanying Item,11
18729441,20380,2010,Accompanying Item,11
18759451,20384,2010,Accompanying Item,11
18759452,20384,2010,Accompanying Item,11
18759453,20384,2010,Accompanying Item,11
18759454,20384,2010,Accompanying Item,11
18739481,20385,2010,Accompanying Item,11
18739482,20385,2010,Accompanying Item,11
18729511,20386,2010,Accompanying Item,11
18729461,20387,2010,Accompanying Item,11
18729531,20388,2010,Accompanying Item,11
180119556,20638,2010,Main Item,8
15636471,2064,2010,Main Item,0
180119557,20640,2010,Main Item,8
180119567,20654,2010,Main Item,8
180119568,20655,2010,Main Item,8
180119558,20659,2010,Main Item,8
180119551,20744,2010,Accompanying Item,11
1801195510,20744,2010,Accompanying Item,11
180119552,20744,2010,Accompanying Item,11
180119553,20744,2010,Accompanying Item,11
180119554,20744,2010,Accompanying Item,11
180119555,20744,2010,Accompanying Item,11
180119556,20744,2010,Accompanying Item,11
180119557,20744,2010,Accompanying Item,11
180119558,20744,2010,Accompanying Item,11
180119559,20744,2010,Accompanying Item,11
180119561,20752,2010,Accompanying Item,11
1801195610,20752,2010,Accompanying Item,11
180119562,20752,2010,Accompanying Item,11
180119563,20752,2010,Accompanying Item,11
180119564,20752,2010,Accompanying Item,11
180119565,20752,2010,Accompanying Item,11
180119566,20752,2010,Accompanying Item,11
180119567,20752,2010,Accompanying Item,11
180119568,20752,2010,Accompanying Item,11
180119569,20752,2010,Accompanying Item,11
180119551,20757,2010,Accompanying Item,11
1801195510,20757,2010,Accompanying Item,11
180119552,20757,2010,Accompanying Item,11
180119553,20757,2010,Accompanying Item,11
180119554,20757,2010,Accompanying Item,11
180119555,20757,2010,Accompanying Item,11
180119556,20757,2010,Accompanying Item,11
180119557,20757,2010,Accompanying Item,11
180119558,20757,2010,Accompanying Item,11
180119559,20757,2010,Accompanying Item,11
180119561,20758,2010,Accompanying Item,11
1801195610,20758,2010,Accompanying Item,11
180119562,20758,2010,Accompanying Item,11
180119563,20758,2010,Accompanying Item,11
180119564,20758,2010,Accompanying Item,11
180119565,20758,2010,Accompanying Item,11
180119566,20758,2010,Accompanying Item,11
180119567,20758,2010,Accompanying Item,11
180119568,20758,2010,Accompanying Item,11
180119569,20758,2010,Accompanying Item,11
18329761,21111,2010,Accompanying Item,11
18829911,21300,2010,Main Item,7
18829911,21303,2010,Accompanying Item,11
18849901,21303,2010,Accompanying Item,11
18849902,21303,2010,Accompanying Item,11
18839921,21304,2010,Accompanying Item,11
18839922,21304,2010,Accompanying Item,11
18839922,21308,2010,Main Item,4
193210281,22095,2010,Main Item,8
193210351,22096,2010,Main Item,8
193210351,22167,2010,Accompanying Item,11
193210261,22298,2010,Main Item,0
193210281,22322,2010,Accompanying Item,11
193210281,22323,2010,Accompanying Item,11
193210281,22324,2010,Accompanying Item,11
193210281,22325,2010,Accompanying Item,11
193210281,22326,2010,Accompanying Item,11
193210281,22327,2010,Accompanying Item,11
193210281,22328,2010,Accompanying Item,11
193210261,22329,2010,Accompanying Item,11
193210261,22330,2010,Accompanying Item,11
193210281,22335,2010,Accompanying Item,11
195210381,22519,2010,Accompanying Item,11
195210381,22540,2010,Accompanying Item,11
195210381,22541,2010,Accompanying Item,11
195210381,22543,2010,Accompanying Item,11
195210381,22545,2010,Accompanying Item,11
195210381,22549,2010,Accompanying Item,11
195210381,22554,2010,Accompanying Item,11
195210381,22556,2010,Accompanying Item,11
195210381,22557,2010,Accompanying Item,11
205211201,23055,2010,Main Item,5
205211201,23106,2010,Accompanying Item,11
218211371,25046,2010,Accompanying Item,11
220311501,25350,2010,Main Item,3
220311502,25368,2010,Main Item,3
223311561,25683,2010,Main Item,0
13564221,26784,2010,Accompanying Item,11
13564222,26784,2010,Accompanying Item,11
13564223,26784,2010,Accompanying Item,11
13564224,26784,2010,Accompanying Item,11
13564225,26784,2010,Accompanying Item,11
218311491,27212,2010,Main Item,8
14224511,2724,2010,Main Item,9
10231101,27254,2010,Main Item,0
10231102,27256,2010,Main Item,0
10231021,27296,2010,Main Item,0
10231022,27297,2010,Main Item,0
156656431,27555,2010,Accompanying Item,11
156656431,27557,2010,Accompanying Item,11
156656431,27558,2010,Accompanying Item,11
156656431,27559,2010,Accompanying Item,11
156656431,27560,2010,Accompanying Item,11
156656431,27562,2010,Accompanying Item,11
156656431,27563,2010,Accompanying Item,11
156656431,27566,2010,Accompanying Item,11
156656431,27567,2010,Accompanying Item,11
156656431,27568,2010,Accompanying Item,11
14264532,27851,2010,Main Item,8
14264531,27860,2010,Accompanying Item,11
14264532,27860,2010,Accompanying Item,11
14264533,27860,2010,Accompanying Item,11
14264534,27860,2010,Accompanying Item,11
14264535,27860,2010,Accompanying Item,11
14264531,27861,2010,Accompanying Item,11
14264532,27861,2010,Accompanying Item,11
14264533,27861,2010,Accompanying Item,11
14264534,27861,2010,Accompanying Item,11
14264535,27861,2010,Accompanying Item,11
112142011,2790,2010,Accompanying Item,11
1121420110,2790,2010,Accompanying Item,11
1121420111,2790,2010,Accompanying Item,11
1121420112,2790,2010,Accompanying Item,11
1121420113,2790,2010,Accompanying Item,11
112142012,2790,2010,Accompanying Item,11
112142013,2790,2010,Accompanying Item,11
112142014,2790,2010,Accompanying Item,11
112142015,2790,2010,Accompanying Item,11
112142016,2790,2010,Accompanying Item,11
112142017,2790,2010,Accompanying Item,11
112142018,2790,2010,Accompanying Item,11
112142019,2790,2010,Accompanying Item,11
156656431,2799,2010,Accompanying Item,11
156656431,28075,2010,Accompanying Item,11
156656431,28077,2010,Accompanying Item,11
10221041,2809,2010,Accompanying Item,11
10221011,2810,2010,Accompanying Item,11
10241061,2811,2010,Accompanying Item,11
10241062,2811,2010,Accompanying Item,11
10241063,2811,2010,Accompanying Item,11
11752301,2836,2010,Accompanying Item,11
11752302,2836,2010,Accompanying Item,11
11752303,2836,2010,Accompanying Item,11
11752304,2836,2010,Accompanying Item,11
11752301,2837,2010,Accompanying Item,11
11752302,2837,2010,Accompanying Item,11
11752303,2837,2010,Accompanying Item,11
11752304,2837,2010,Accompanying Item,11
11752301,2839,2010,Accompanying Item,11
11752302,2839,2010,Accompanying Item,11
11752303,2839,2010,Accompanying Item,11
11752304,2839,2010,Accompanying Item,11
14264531,2871,2010,Accompanying Item,11
14264532,2871,2010,Accompanying Item,11
14264533,2871,2010,Accompanying Item,11
14264534,2871,2010,Accompanying Item,11
14264535,2871,2010,Accompanying Item,11
14264531,2872,2010,Accompanying Item,11
14264532,2872,2010,Accompanying Item,11
14264533,2872,2010,Accompanying Item,11
14264534,2872,2010,Accompanying Item,11
14264535,2872,2010,Accompanying Item,11
14264531,2873,2010,Accompanying Item,11
14264532,2873,2010,Accompanying Item,11
14264533,2873,2010,Accompanying Item,11
14264534,2873,2010,Accompanying Item,11
14264535,2873,2010,Accompanying Item,11
15666455,2883,2010,Accompanying Item,11
15676411,2883,2010,Accompanying Item,11
15676412,2883,2010,Accompanying Item,11
15676413,2883,2010,Accompanying Item,11
15676414,2883,2010,Accompanying Item,11
15676415,2883,2010,Accompanying Item,11
15666455,2884,2010,Accompanying Item,11
15676411,2884,2010,Accompanying Item,11
15676412,2884,2010,Accompanying Item,11
15676413,2884,2010,Accompanying Item,11
15676414,2884,2010,Accompanying Item,11
15676415,2884,2010,Accompanying Item,11
15666455,2888,2010,Accompanying Item,11
15676411,2888,2010,Accompanying Item,11
15676412,2888,2010,Accompanying Item,11
15676413,2888,2010,Accompanying Item,11
15676414,2888,2010,Accompanying Item,11
15676415,2888,2010,Accompanying Item,11
15666455,2889,2010,Accompanying Item,11
15676411,2889,2010,Accompanying Item,11
15676412,2889,2010,Accompanying Item,11
15676413,2889,2010,Accompanying Item,11
15676414,2889,2010,Accompanying Item,11
15676415,2889,2010,Accompanying Item,11
180119551,2898,2010,Accompanying Item,11
1801195510,2898,2010,Accompanying Item,11
180119552,2898,2010,Accompanying Item,11
180119553,2898,2010,Accompanying Item,11
180119554,2898,2010,Accompanying Item,11
180119555,2898,2010,Accompanying Item,11
180119556,2898,2010,Accompanying Item,11
180119557,2898,2010,Accompanying Item,11
180119558,2898,2010,Accompanying Item,11
180119559,2898,2010,Accompanying Item,11
180119551,2899,2010,Accompanying Item,11
1801195510,2899,2010,Accompanying Item,11
180119552,2899,2010,Accompanying Item,11
180119553,2899,2010,Accompanying Item,11
180119554,2899,2010,Accompanying Item,11
180119555,2899,2010,Accompanying Item,11
180119556,2899,2010,Accompanying Item,11
180119557,2899,2010,Accompanying Item,11
180119558,2899,2010,Accompanying Item,11
180119559,2899,2010,Accompanying Item,11
180119551,2903,2010,Accompanying Item,11
1801195510,2903,2010,Accompanying Item,11
180119552,2903,2010,Accompanying Item,11
180119553,2903,2010,Accompanying Item,11
180119554,2903,2010,Accompanying Item,11
180119555,2903,2010,Accompanying Item,11
180119556,2903,2010,Accompanying Item,11
180119557,2903,2010,Accompanying Item,11
180119558,2903,2010,Accompanying Item,11
180119559,2903,2010,Accompanying Item,11
180119551,2904,2010,Accompanying Item,11
1801195510,2904,2010,Accompanying Item,11
180119552,2904,2010,Accompanying Item,11
180119553,2904,2010,Accompanying Item,11
180119554,2904,2010,Accompanying Item,11
180119555,2904,2010,Accompanying Item,11
180119556,2904,2010,Accompanying Item,11
180119557,2904,2010,Accompanying Item,11
180119558,2904,2010,Accompanying Item,11
180119559,2904,2010,Accompanying Item,11
180119551,2905,2010,Accompanying Item,11
1801195510,2905,2010,Accompanying Item,11
180119552,2905,2010,Accompanying Item,11
180119553,2905,2010,Accompanying Item,11
180119554,2905,2010,Accompanying Item,11
180119555,2905,2010,Accompanying Item,11
180119556,2905,2010,Accompanying Item,11
180119557,2905,2010,Accompanying Item,11
180119558,2905,2010,Accompanying Item,11
180119559,2905,2010,Accompanying Item,11
180119551,2906,2010,Accompanying Item,11
1801195510,2906,2010,Accompanying Item,11
180119552,2906,2010,Accompanying Item,11
180119553,2906,2010,Accompanying Item,11
180119554,2906,2010,Accompanying Item,11
180119555,2906,2010,Accompanying Item,11
180119556,2906,2010,Accompanying Item,11
180119557,2906,2010,Accompanying Item,11
180119558,2906,2010,Accompanying Item,11
180119559,2906,2010,Accompanying Item,11
180119561,2907,2010,Accompanying Item,11
1801195610,2907,2010,Accompanying Item,11
180119562,2907,2010,Accompanying Item,11
180119563,2907,2010,Accompanying Item,11
180119564,2907,2010,Accompanying Item,11
180119565,2907,2010,Accompanying Item,11
180119566,2907,2010,Accompanying Item,11
180119567,2907,2010,Accompanying Item,11
180119568,2907,2010,Accompanying Item,11
180119569,2907,2010,Accompanying Item,11
180119561,2908,2010,Accompanying Item,11
1801195610,2908,2010,Accompanying Item,11
180119562,2908,2010,Accompanying Item,11
180119563,2908,2010,Accompanying Item,11
180119564,2908,2010,Accompanying Item,11
180119565,2908,2010,Accompanying Item,11
180119566,2908,2010,Accompanying Item,11
180119567,2908,2010,Accompanying Item,11
180119568,2908,2010,Accompanying Item,11
180119569,2908,2010,Accompanying Item,11
180119561,2912,2010,Accompanying Item,11
1801195610,2912,2010,Accompanying Item,11
180119562,2912,2010,Accompanying Item,11
180119563,2912,2010,Accompanying Item,11
180119564,2912,2010,Accompanying Item,11
180119565,2912,2010,Accompanying Item,11
180119566,2912,2010,Accompanying Item,11
180119567,2912,2010,Accompanying Item,11
180119568,2912,2010,Accompanying Item,11
180119569,2912,2010,Accompanying Item,11
180119561,2913,2010,Accompanying Item,11
1801195610,2913,2010,Accompanying Item,11
180119562,2913,2010,Accompanying Item,11
180119563,2913,2010,Accompanying Item,11
180119564,2913,2010,Accompanying Item,11
180119565,2913,2010,Accompanying Item,11
180119566,2913,2010,Accompanying Item,11
180119567,2913,2010,Accompanying Item,11
180119568,2913,2010,Accompanying Item,11
180119569,2913,2010,Accompanying Item,11
180119561,2914,2010,Accompanying Item,11
1801195610,2914,2010,Accompanying Item,11
180119562,2914,2010,Accompanying Item,11
180119563,2914,2010,Accompanying Item,11
180119564,2914,2010,Accompanying Item,11
180119565,2914,2010,Accompanying Item,11
180119566,2914,2010,Accompanying Item,11
180119567,2914,2010,Accompanying Item,11
180119568,2914,2010,Accompanying Item,11
180119569,2914,2010,Accompanying Item,11
180119561,2915,2010,Accompanying Item,11
1801195610,2915,2010,Accompanying Item,11
180119562,2915,2010,Accompanying Item,11
180119563,2915,2010,Accompanying Item,11
180119564,2915,2010,Accompanying Item,11
180119565,2915,2010,Accompanying Item,11
180119566,2915,2010,Accompanying Item,11
180119567,2915,2010,Accompanying Item,11
180119568,2915,2010,Accompanying Item,11
180119569,2915,2010,Accompanying Item,11
123162557,29622,2010,Main Item,5
123162558,29623,2010,Main Item,5
12342542,29635,2010,Main Item,5
12322591,29638,2010,Accompanying Item,11
16947361,2964,2010,Accompanying Item,11
16947362,2964,2010,Accompanying Item,11
16947363,2964,2010,Accompanying Item,11
12322591,29641,2010,Accompanying Item,11
12332681,29641,2010,Accompanying Item,11
12332682,29641,2010,Accompanying Item,11
16937391,2965,2010,Accompanying Item,11
16937392,2965,2010,Accompanying Item,11
205311171,2967,2010,Accompanying Item,11
205311172,2967,2010,Accompanying Item,11
10231031,2972,2010,Accompanying Item,11
10231032,2972,2010,Accompanying Item,11
16937391,2976,2010,Accompanying Item,11
16937392,2976,2010,Accompanying Item,11
10231121,2990,2010,Accompanying Item,11
10231122,2990,2010,Accompanying Item,11
13564221,30028,2010,Accompanying Item,11
13564222,30028,2010,Accompanying Item,11
13564223,30028,2010,Accompanying Item,11
13564224,30028,2010,Accompanying Item,11
13564225,30028,2010,Accompanying Item,11
13574452,30028,2010,Accompanying Item,11
13524151,30056,2010,Accompanying Item,0
16327131,3031,2010,Accompanying Item,11
16947361,3040,2010,Accompanying Item,11
16947362,3040,2010,Accompanying Item,11
16947363,3040,2010,Accompanying Item,11
16947361,3041,2010,Accompanying Item,11
16947362,3041,2010,Accompanying Item,11
16947363,3041,2010,Accompanying Item,11
16937391,3042,2010,Accompanying Item,11
16937392,3042,2010,Accompanying Item,11
18849901,3047,2010,Accompanying Item,11
18849902,3047,2010,Accompanying Item,11
18859931,3047,2010,Accompanying Item,11
18859932,3047,2010,Accompanying Item,11
18849901,3048,2010,Accompanying Item,11
18849902,3048,2010,Accompanying Item,11
18859931,3048,2010,Accompanying Item,11
18859932,3048,2010,Accompanying Item,11
205311171,3052,2010,Accompanying Item,11
205311172,3052,2010,Accompanying Item,11
10241051,3066,2010,Accompanying Item,11
10241052,3066,2010,Accompanying Item,11
10241053,3066,2010,Accompanying Item,11
11021911,3098,2010,Accompanying Item,11
11021911,3099,2010,Accompanying Item,11
10231101,3104,2010,Accompanying Item,11
10231102,3104,2010,Accompanying Item,11
16947441,3119,2010,Accompanying Item,11
16947442,3119,2010,Accompanying Item,11
16947443,3119,2010,Accompanying Item,11
10231021,3129,2010,Accompanying Item,11
10231022,3129,2010,Accompanying Item,11
15636471,3135,2010,Accompanying Item,11
15636472,3135,2010,Accompanying Item,11
16947361,3138,2010,Accompanying Item,11
16947362,3138,2010,Accompanying Item,11
16947363,3138,2010,Accompanying Item,11
16957431,3140,2010,Accompanying Item,11
16957432,3140,2010,Accompanying Item,11
16957433,3140,2010,Accompanying Item,11
16957434,3140,2010,Accompanying Item,11
16912273894,31770,2010,Main Item,2
16912273895,31794,2010,Main Item,2
16912273896,31795,2010,Main Item,2
156656431,3184,2010,Accompanying Item,11
156656431,3185,2010,Accompanying Item,11
156656431,3187,2010,Accompanying Item,11
156656431,3188,2010,Accompanying Item,11
218211381,3208,2010,Accompanying Item,11
180119569,32178,2010,Main Item,8
18729501,32273,2010,Accompanying Item,11
18729471,32280,2010,Accompanying Item,11
18739421,32308,2010,Main Item,5
156656431,3244,2010,Accompanying Item,11
156656431,3246,2010,Accompanying Item,11
156656431,3248,2010,Accompanying Item,11
195210381,32989,2010,Accompanying Item,11
195210381,32990,2010,Accompanying Item,11
11422171,3300,2010,Accompanying Item,1
16327131,3304,2010,Main Item,1
18329761,3314,2010,Main Item,1
18849901,3315,2010,Main Item,1
18849902,3316,2010,Main Item,1
156656431,3419,2010,Accompanying Item,11
156656431,3425,2010,Accompanying Item,11
11422171,3427,2010,Accompanying Item,1
18839921,3648,2010,Main Item,1
10231091,3674,2010,Main Item,1
10231092,3675,2010,Main Item,1
16957431,3802,2010,Main Item,5
16957432,3810,2010,Main Item,5
156656431,3895,2010,Accompanying Item,11
156656431,3896,2010,Accompanying Item,11
156656431,3897,2010,Accompanying Item,11
156656431,3898,2010,Accompanying Item,11
156656431,3899,2010,Accompanying Item,11
156656431,3901,2010,Accompanying Item,11
156656431,3902,2010,Accompanying Item,11
156656431,3909,2010,Accompanying Item,11
15956761,3929,2010,Accompanying Item,11
15956762,3929,2010,Accompanying Item,11
15956763,3929,2010,Accompanying Item,11
15956764,3929,2010,Accompanying Item,11
169117371,3930,2010,Accompanying Item,11
1691173710,3930,2010,Accompanying Item,11
169117372,3930,2010,Accompanying Item,11
169117373,3930,2010,Accompanying Item,11
169117374,3930,2010,Accompanying Item,11
169117375,3930,2010,Accompanying Item,11
169117376,3930,2010,Accompanying Item,11
169117377,3930,2010,Accompanying Item,11
169117378,3930,2010,Accompanying Item,11
169117379,3930,2010,Accompanying Item,11
218211371,3983,2010,Accompanying Item,11
218311391,3984,2010,Accompanying Item,11
218311392,3984,2010,Accompanying Item,11
218311391,3985,2010,Accompanying Item,11
218311392,3985,2010,Accompanying Item,11
218311391,3986,2010,Accompanying Item,11
218311392,3986,2010,Accompanying Item,11
220311501,3991,2010,Accompanying Item,11
220311502,3991,2010,Accompanying Item,11
220311501,3992,2010,Accompanying Item,11
220311502,3992,2010,Accompanying Item,11
1691173710,4380,2010,Main Item,8
223311551,4576,2010,Main Item,8
223311552,4579,2010,Main Item,8
223211541,4582,2010,Main Item,8
10241111,530,2010,Main Item,9
10241112,531,2010,Main Item,9
10241113,532,2010,Main Item,9
15676411,575,2010,Main Item,9
10231031,60099,2010,Accompanying Item,11
10231032,60099,2010,Accompanying Item,11
10241111,60120,2010,Accompanying Item,11
10241112,60120,2010,Accompanying Item,11
10241113,60120,2010,Accompanying Item,11
13524081,60999,2010,Main Item,5
13524421,61039,2010,Accompanying Item,11
13524421,61045,2010,Accompanying Item,11
13524081,61051,2010,Accompanying Item,11
15666455,61874,2010,Accompanying Item,11
15676411,61874,2010,Accompanying Item,11
15676412,61874,2010,Accompanying Item,11
15676413,61874,2010,Accompanying Item,11
15676414,61874,2010,Accompanying Item,11
15676415,61874,2010,Accompanying Item,11
156656431,61876,2010,Accompanying Item,11
15666455,61878,2010,Accompanying Item,11
15676411,61878,2010,Accompanying Item,11
15676412,61878,2010,Accompanying Item,11
15676413,61878,2010,Accompanying Item,11
15676414,61878,2010,Accompanying Item,11
15676415,61878,2010,Accompanying Item,11
15956763,61942,2010,Main Item,8
15996676,61943,2010,Main Item,8
16912273897,62129,2010,Main Item,2
16912273898,62187,2010,Main Item,2
16912273899,62195,2010,Main Item,2
169000000000,62277,2010,Main Item,2
169000000000,62278,2010,Main Item,2
169000000000,62279,2010,Main Item,2
169000000000,62280,2010,Main Item,2
169000000000,62281,2010,Main Item,2
169000000000,62282,2010,Main Item,2
169000000000,62283,2010,Main Item,2
169000000000,62284,2010,Main Item,2
169000000000,62285,2010,Main Item,2
169000000000,62287,2010,Main Item,2
169000000000,62288,2010,Main Item,2
169000000000,62291,2010,Main Item,2
169000000000,62304,2010,Main Item,2
169000000000,62305,2010,Main Item,2
169000000000,62306,2010,Main Item,2
169000000000,62310,2010,Main Item,2
180119559,62707,2010,Main Item,8
10231141,80001,2010,Main Item,0
10231142,80002,2010,Main Item,0
10241071,80010,2010,Main Item,3
10241072,80011,2010,Main Item,3
10241073,80012,2010,Main Item,3
10221041,80016,2010,Main Item,8
10241063,80017,2010,Main Item,8
10221011,80018,2010,Main Item,8
10241071,80028,2010,Accompanying Item,11
10241072,80028,2010,Accompanying Item,11
10241073,80028,2010,Accompanying Item,11
10231141,80029,2010,Accompanying Item,11
10231142,80029,2010,Accompanying Item,11
10231091,80030,2010,Accompanying Item,11
10231092,80030,2010,Accompanying Item,11
10821631,80671,2010,Accompanying Item,11
10821631,80672,2010,Accompanying Item,11
10821631,80676,2010,Accompanying Item,11
10821631,80677,2010,Accompanying Item,11
10821631,80679,2010,Accompanying Item,11
10821631,80680,2010,Accompanying Item,11
10821631,80681,2010,Accompanying Item,11
10821631,80682,2010,Accompanying Item,11
10821631,80683,2010,Accompanying Item,11
10821631,80684,2010,Accompanying Item,11
10821631,80685,2010,Accompanying Item,11
10821631,80686,2010,Accompanying Item,11
10821631,80687,2010,Accompanying Item,11
10821631,80688,2010,Accompanying Item,11
11031921,80714,2010,Main Item,8
11031922,80715,2010,Main Item,8
11031921,80720,2010,Accompanying Item,11
11031922,80720,2010,Accompanying Item,11
11031921,80721,2010,Accompanying Item,11
11031922,80721,2010,Accompanying Item,11
11031921,80723,2010,Accompanying Item,11
11031922,80723,2010,Accompanying Item,11
11222001,80759,2010,Main Item,0
11222021,80836,2010,Main Item,4
112142019,80845,2010,Main Item,9
1121420110,80846,2010,Main Item,9
1121420111,80847,2010,Main Item,9
1121420112,80848,2010,Main Item,9
1121420113,80849,2010,Main Item,9
11422171,80934,2010,Accompanying Item,0
11752303,81011,2010,Main Item,8
11752304,81012,2010,Main Item,8
11752301,81013,2010,Accompanying Item,11
11752302,81013,2010,Accompanying Item,11
11752303,81013,2010,Accompanying Item,11
11752304,81013,2010,Accompanying Item,11
123123081,81093,2010,Accompanying Item,0
1231230810,81093,2010,Accompanying Item,0
1231230811,81093,2010,Accompanying Item,0
123123082,81093,2010,Accompanying Item,0
123123083,81093,2010,Accompanying Item,0
123123084,81093,2010,Accompanying Item,0
123123085,81093,2010,Accompanying Item,0
123123086,81093,2010,Accompanying Item,0
123123087,81093,2010,Accompanying Item,0
123123088,81093,2010,Accompanying Item,0
123123089,81093,2010,Accompanying Item,0
123162551,81095,2010,Accompanying Item,0
1231625510,81095,2010,Accompanying Item,0
1231625511,81095,2010,Accompanying Item,0
1231625512,81095,2010,Accompanying Item,0
1231625513,81095,2010,Accompanying Item,0
1231625514,81095,2010,Accompanying Item,0
1231625515,81095,2010,Accompanying Item,0
123162552,81095,2010,Accompanying Item,0
123162553,81095,2010,Accompanying Item,0
123162554,81095,2010,Accompanying Item,0
123162555,81095,2010,Accompanying Item,0
123162556,81095,2010,Accompanying Item,0
123162557,81095,2010,Accompanying Item,0
123162558,81095,2010,Accompanying Item,0
123162559,81095,2010,Accompanying Item,0
123162551,81096,2010,Accompanying Item,0
1231625510,81096,2010,Accompanying Item,0
1231625511,81096,2010,Accompanying Item,0
1231625512,81096,2010,Accompanying Item,0
1231625513,81096,2010,Accompanying Item,0
1231625514,81096,2010,Accompanying Item,0
1231625515,81096,2010,Accompanying Item,0
123162552,81096,2010,Accompanying Item,0
123162553,81096,2010,Accompanying Item,0
123162554,81096,2010,Accompanying Item,0
123162555,81096,2010,Accompanying Item,0
123162556,81096,2010,Accompanying Item,0
123162557,81096,2010,Accompanying Item,0
123162558,81096,2010,Accompanying Item,0
123162559,81096,2010,Accompanying Item,0
12342541,81100,2010,Accompanying Item,1
12342542,81100,2010,Accompanying Item,1
12342543,81100,2010,Accompanying Item,1
12322591,81102,2010,Main Item,3
12342543,81108,2010,Main Item,5
123162559,81109,2010,Main Item,5
1231625510,81110,2010,Main Item,5
1231625511,81115,2010,Main Item,5
1231625512,81116,2010,Main Item,5
1231625513,81117,2010,Main Item,5
12322621,81120,2010,Main Item,5
1231625514,81121,2010,Main Item,5
1231625515,81122,2010,Main Item,5
12322621,81123,2010,Accompanying Item,8
12322621,81124,2010,Accompanying Item,8
12322621,81125,2010,Accompanying Item,8
12322621,81126,2010,Accompanying Item,8
12322621,81127,2010,Accompanying Item,8
12322621,81128,2010,Accompanying Item,8
12322621,81129,2010,Accompanying Item,8
12322621,81130,2010,Accompanying Item,8
12322621,81131,2010,Accompanying Item,8
12322621,81132,2010,Accompanying Item,8
12322621,81133,2010,Accompanying Item,8
12322621,81134,2010,Accompanying Item,8
12322621,81135,2010,Accompanying Item,8
12322621,81136,2010,Accompanying Item,8
12322621,81146,2010,Accompanying Item,10
12322621,81147,2010,Accompanying Item,10
12322621,81148,2010,Accompanying Item,10
12322621,81149,2010,Accompanying Item,10
12322621,81150,2010,Accompanying Item,10
12322621,81151,2010,Accompanying Item,10
12322621,81152,2010,Accompanying Item,10
12322621,81153,2010,Accompanying Item,10
12322621,81154,2010,Accompanying Item,10
12322621,81155,2010,Accompanying Item,10
12332681,81156,2010,Accompanying Item,11
12332682,81156,2010,Accompanying Item,11
12332681,81157,2010,Accompanying Item,11
12332682,81157,2010,Accompanying Item,11
12332681,81158,2010,Accompanying Item,11
12332682,81158,2010,Accompanying Item,11
12322591,81159,2010,Accompanying Item,11
12322591,81160,2010,Accompanying Item,11
12322591,81161,2010,Accompanying Item,11
12322591,81163,2010,Accompanying Item,11
12322591,81164,2010,Accompanying Item,11
13524081,81879,2010,Accompanying Item,0
13524151,81879,2010,Accompanying Item,0
13524151,81884,2010,Accompanying Item,1
13524081,81886,2010,Accompanying Item,1
13524151,81886,2010,Accompanying Item,1
13524081,81887,2010,Accompanying Item,1
13524421,81920,2010,Main Item,4
13524151,81951,2010,Accompanying Item,6
13564222,81954,2010,Main Item,8
13594285,81955,2010,Main Item,8
13564223,81956,2010,Main Item,8
13564224,81957,2010,Main Item,8
13564225,81958,2010,Main Item,8
13524151,81962,2010,Main Item,9
13524421,81969,2010,Accompanying Item,11
14264533,82275,2010,Main Item,8
14264534,82277,2010,Main Item,8
14264535,82278,2010,Main Item,8
15636472,82649,2010,Main Item,0
15666451,82656,2010,Main Item,5
15666452,82657,2010,Main Item,5
15666453,82661,2010,Main Item,8
15676414,82664,2010,Main Item,8
15666454,82665,2010,Main Item,8
15676415,82666,2010,Main Item,8
15666455,82667,2010,Main Item,8
15666455,82683,2010,Accompanying Item,11
15676411,82683,2010,Accompanying Item,11
15676412,82683,2010,Accompanying Item,11
15676413,82683,2010,Accompanying Item,11
15676414,82683,2010,Accompanying Item,11
15676415,82683,2010,Accompanying Item,11
15666455,82684,2010,Accompanying Item,11
15676411,82684,2010,Accompanying Item,11
15676412,82684,2010,Accompanying Item,11
15676413,82684,2010,Accompanying Item,11
15676414,82684,2010,Accompanying Item,11
15676415,82684,2010,Accompanying Item,11
15666455,82685,2010,Accompanying Item,11
15676411,82685,2010,Accompanying Item,11
15676412,82685,2010,Accompanying Item,11
15676413,82685,2010,Accompanying Item,11
15676414,82685,2010,Accompanying Item,11
15676415,82685,2010,Accompanying Item,11
15666451,82686,2010,Accompanying Item,11
15666452,82686,2010,Accompanying Item,11
15666453,82686,2010,Accompanying Item,11
15666454,82686,2010,Accompanying Item,11
15666455,82686,2010,Accompanying Item,11
156656431,82689,2010,Accompanying Item,11
156656431,82690,2010,Accompanying Item,11
156656431,82691,2010,Accompanying Item,11
156656431,82692,2010,Accompanying Item,11
15666455,82696,2010,Accompanying Item,11
15676411,82696,2010,Accompanying Item,11
15676412,82696,2010,Accompanying Item,11
15676413,82696,2010,Accompanying Item,11
15676414,82696,2010,Accompanying Item,11
15676415,82696,2010,Accompanying Item,11
15666455,82697,2010,Accompanying Item,11
15676411,82697,2010,Accompanying Item,11
15676412,82697,2010,Accompanying Item,11
15676413,82697,2010,Accompanying Item,11
15676414,82697,2010,Accompanying Item,11
15676415,82697,2010,Accompanying Item,11
15956764,82750,2010,Main Item,8
15996678,82751,2010,Main Item,8
159146713,82759,2010,Main Item,9
159146714,82761,2010,Main Item,9
159146715,82764,2010,Main Item,9
159146716,82765,2010,Main Item,9
159146717,82767,2010,Main Item,9
159146718,82768,2010,Main Item,9
159146719,82769,2010,Main Item,9
1591467110,82771,2010,Main Item,9
1591467111,82772,2010,Main Item,9
1591467112,82773,2010,Main Item,9
1591467113,82774,2010,Main Item,9
159146711,82775,2010,Accompanying Item,11
1591467110,82775,2010,Accompanying Item,11
1591467111,82775,2010,Accompanying Item,11
1591467112,82775,2010,Accompanying Item,11
1591467113,82775,2010,Accompanying Item,11
159146712,82775,2010,Accompanying Item,11
159146713,82775,2010,Accompanying Item,11
159146714,82775,2010,Accompanying Item,11
159146715,82775,2010,Accompanying Item,11
159146716,82775,2010,Accompanying Item,11
159146717,82775,2010,Accompanying Item,11
159146718,82775,2010,Accompanying Item,11
159146719,82775,2010,Accompanying Item,11
169000000000,82977,2010,Main Item,2
169000000000,82978,2010,Main Item,2
169000000000,82979,2010,Main Item,2
169000000000,82980,2010,Main Item,2
169000000000,82981,2010,Main Item,2
169000000000,82982,2010,Main Item,2
16957431,82988,2010,Accompanying Item,11
16957432,82988,2010,Accompanying Item,11
16957433,82988,2010,Accompanying Item,11
16957434,82988,2010,Accompanying Item,11
16937391,82989,2010,Accompanying Item,11
16937392,82989,2010,Accompanying Item,11
17428291,83513,2010,Main Item,5
17478313,83523,2010,Main Item,5
17478314,83538,2010,Main Item,5
17478315,83541,2010,Main Item,5
17478316,83548,2010,Main Item,5
17488255,83556,2010,Main Item,8
17478311,83558,2010,Accompanying Item,8
17478312,83558,2010,Accompanying Item,8
17478313,83558,2010,Accompanying Item,8
17478314,83558,2010,Accompanying Item,8
17478315,83558,2010,Accompanying Item,8
17478316,83558,2010,Accompanying Item,8
17488256,83559,2010,Main Item,8
17478311,83560,2010,Accompanying Item,8
17478312,83560,2010,Accompanying Item,8
17478313,83560,2010,Accompanying Item,8
17478314,83560,2010,Accompanying Item,8
17478315,83560,2010,Accompanying Item,8
17478316,83560,2010,Accompanying Item,8
17488257,83561,2010,Main Item,8
17488251,83591,2010,Accompanying Item,11
17488252,83591,2010,Accompanying Item,11
17488253,83591,2010,Accompanying Item,11
17488254,83591,2010,Accompanying Item,11
17488255,83591,2010,Accompanying Item,11
17488256,83591,2010,Accompanying Item,11
17488257,83591,2010,Accompanying Item,11
17488251,83592,2010,Accompanying Item,11
17488252,83592,2010,Accompanying Item,11
17488253,83592,2010,Accompanying Item,11
17488254,83592,2010,Accompanying Item,11
17488255,83592,2010,Accompanying Item,11
17488256,83592,2010,Accompanying Item,11
17488257,83592,2010,Accompanying Item,11
17458271,83593,2010,Accompanying Item,11
17628901,83771,2010,Accompanying Item,6
17628911,83772,2010,Accompanying Item,11
18729501,83840,2010,Main Item,0
18729491,83841,2010,Accompanying Item,0
18739421,83841,2010,Accompanying Item,0
18759453,83842,2010,Main Item,0
18759454,83843,2010,Main Item,0
18729511,83844,2010,Main Item,0
18729491,83877,2010,Main Item,7
18739541,83878,2010,Main Item,8
18739542,83879,2010,Main Item,8
18729431,83880,2010,Main Item,8
18729491,83881,2010,Accompanying Item,11
18739541,83882,2010,Accompanying Item,11
18739542,83882,2010,Accompanying Item,11
18729431,83883,2010,Accompanying Item,11
1801195510,83912,2010,Main Item,8
1801195610,83913,2010,Main Item,8
180119551,83916,2010,Accompanying Item,11
1801195510,83916,2010,Accompanying Item,11
180119552,83916,2010,Accompanying Item,11
180119553,83916,2010,Accompanying Item,11
180119554,83916,2010,Accompanying Item,11
180119555,83916,2010,Accompanying Item,11
180119556,83916,2010,Accompanying Item,11
180119557,83916,2010,Accompanying Item,11
180119558,83916,2010,Accompanying Item,11
180119559,83916,2010,Accompanying Item,11
180119561,83917,2010,Accompanying Item,11
1801195610,83917,2010,Accompanying Item,11
180119562,83917,2010,Accompanying Item,11
180119563,83917,2010,Accompanying Item,11
180119564,83917,2010,Accompanying Item,11
180119565,83917,2010,Accompanying Item,11
180119566,83917,2010,Accompanying Item,11
180119567,83917,2010,Accompanying Item,11
180119568,83917,2010,Accompanying Item,11
180119569,83917,2010,Accompanying Item,11
18829911,84342,2010,Accompanying Item,11
195210381,84637,2010,Main Item,5
195210381,84652,2010,Accompanying Item,11
195210381,84653,2010,Accompanying Item,11
195210381,84654,2010,Accompanying Item,11
195210381,84655,2010,Accompanying Item,11
205311171,85211,2010,Accompanying Item,11
205311172,85211,2010,Accompanying Item,11
218211401,85733,2010,Main Item,8
218311492,85734,2010,Main Item,8
218211421,85735,2010,Main Item,8
218211371,85736,2010,Main Item,8
218211401,85739,2010,Accompanying Item,11
218211401,85740,2010,Accompanying Item,11
218211401,85741,2010,Accompanying Item,11
218211421,85742,2010,Accompanying Item,11
218311491,85742,2010,Accompanying Item,11
218311492,85742,2010,Accompanying Item,11
218311491,85743,2010,Accompanying Item,11
218311492,85743,2010,Accompanying Item,11
218211421,85744,2010,Accompanying Item,11
218211371,85745,2010,Accompanying Item,11
223211591,85967,2010,Main Item,0
223211581,85968,2010,Main Item,0
223311562,85976,2010,Main Item,5
223211601,85987,2010,Main Item,6
223211541,85995,2010,Accompanying Item,11
223211591,86006,2010,Accompanying Item,11
223211581,86014,2010,Accompanying Item,11
223211571,86015,2010,Accompanying Item,11
223311561,86020,2010,Accompanying Item,11
223311562,86020,2010,Accompanying Item,11
223211601,86031,2010,Accompanying Item,11
223311551,86035,2010,Accompanying Item,11
223311552,86035,2010,Accompanying Item,11
156656431,86042,2010,Main Item,9
17458271,86044,2010,Main Item,5
